,Training Loss,Validation Loss,Micro F1,Macro F1,Class F1,epochs_since_improvement,timestamp,checkpoint_dir_name,should_checkpoint,done,training_iteration,trial_id,date,time_this_iter_s,time_total_s,pid,hostname,node_ip,time_since_restore,iterations_since_restore,best_epoch/Training Loss,best_epoch/Validation Loss,best_epoch/Micro F1,best_epoch/Macro F1,best_epoch/Class F1,config/num_epochs,config/batch_size,config/train_path,config/val_path,config/transforms/mean,config/transforms/std,config/lr,config/weight_decay,config/optimizer,config/Model,config/parameters/patch_size,config/parameters/num_heads,config/parameters/num_layers,config/parameters/embed_dim,config/device,config/seed
0,4.4317859844934375,0.47301015888016656,0.8415937423706055,0.783846378326416,"[0.968418300151825, 0.877739429473877, 0.7351281642913818, 0.6565518975257874, 0.6813942193984985]",0,1746318914,checkpoint_000000,True,False,1,06693be6,2025-05-04_02-35-14,1158.7462368011475,1158.7462368011475,3334716,birget.uib.no,129.177.13.75,1158.7462368011475,1,4.4317859844934375,0.47301015888016656,0.8415937423706055,0.783846378326416,"[0.968418300151825, 0.877739429473877, 0.7351281642913818, 0.6565518975257874, 0.6813942193984985]",100,128,/Home/siv32/rfo034/master-thesis/data/adtof/adtof_yt_train.pt,/Home/siv32/rfo034/master-thesis/data/adtof/adtof_yt_validation.pt,tensor([0.7242]),tensor([0.5008]),0.0004928482414883749,0.0001998528748287578,<class 'torch.optim.adamw.AdamW'>,<class 'models.VisionTransformer'>,"[1, 7]",6,10,576,cuda:0,1745758670
1,3.1839966424306234,0.45737122058343255,0.856850802898407,0.8063350915908813,"[0.9732924103736877, 0.8927180171012878, 0.7582815885543823, 0.6758362054824829, 0.7315470576286316]",0,1746320042,checkpoint_000001,True,False,2,06693be6,2025-05-04_02-54-02,1128.3021969795227,2287.04843378067,3334716,birget.uib.no,129.177.13.75,2287.04843378067,2,3.1839966424306234,0.45737122058343255,0.856850802898407,0.8063350915908813,"[0.9732924103736877, 0.8927180171012878, 0.7582815885543823, 0.6758362054824829, 0.7315470576286316]",100,128,/Home/siv32/rfo034/master-thesis/data/adtof/adtof_yt_train.pt,/Home/siv32/rfo034/master-thesis/data/adtof/adtof_yt_validation.pt,tensor([0.7242]),tensor([0.5008]),0.0004928482414883749,0.0001998528748287578,<class 'torch.optim.adamw.AdamW'>,<class 'models.VisionTransformer'>,"[1, 7]",6,10,576,cuda:0,1745758670
2,2.959928589321318,0.42216417469117085,0.8743676543235779,0.8304997682571411,"[0.9767902493476868, 0.9106996655464172, 0.8092663288116455, 0.700395405292511, 0.7553468942642212]",0,1746321171,checkpoint_000002,True,False,3,06693be6,2025-05-04_03-12-52,1129.3144190311432,3416.3628528118134,3334716,birget.uib.no,129.177.13.75,3416.3628528118134,3,2.959928589321318,0.42216417469117085,0.8743676543235779,0.8304997682571411,"[0.9767902493476868, 0.9106996655464172, 0.8092663288116455, 0.700395405292511, 0.7553468942642212]",100,128,/Home/siv32/rfo034/master-thesis/data/adtof/adtof_yt_train.pt,/Home/siv32/rfo034/master-thesis/data/adtof/adtof_yt_validation.pt,tensor([0.7242]),tensor([0.5008]),0.0004928482414883749,0.0001998528748287578,<class 'torch.optim.adamw.AdamW'>,<class 'models.VisionTransformer'>,"[1, 7]",6,10,576,cuda:0,1745758670
3,2.8215353234608966,0.41232355339411597,0.8764985203742981,0.8284984827041626,"[0.9756754636764526, 0.9149274230003357, 0.7657970190048218, 0.7109569311141968, 0.7751355171203613]",0,1746322299,checkpoint_000003,True,False,4,06693be6,2025-05-04_03-31-40,1127.876318693161,4544.239171504974,3334716,birget.uib.no,129.177.13.75,4544.239171504974,4,2.8215353234608966,0.41232355339411597,0.8764985203742981,0.8284984827041626,"[0.9756754636764526, 0.9149274230003357, 0.7657970190048218, 0.7109569311141968, 0.7751355171203613]",100,128,/Home/siv32/rfo034/master-thesis/data/adtof/adtof_yt_train.pt,/Home/siv32/rfo034/master-thesis/data/adtof/adtof_yt_validation.pt,tensor([0.7242]),tensor([0.5008]),0.0004928482414883749,0.0001998528748287578,<class 'torch.optim.adamw.AdamW'>,<class 'models.VisionTransformer'>,"[1, 7]",6,10,576,cuda:0,1745758670
4,2.7143882983071466,0.3956430785456418,0.885753870010376,0.8423577547073364,"[0.9788751006126404, 0.9234216809272766, 0.8170163035392761, 0.7136927843093872, 0.7787829637527466]",0,1746323427,checkpoint_000004,True,False,5,06693be6,2025-05-04_03-50-27,1127.421646118164,5671.660817623138,3334716,birget.uib.no,129.177.13.75,5671.660817623138,5,2.7143882983071466,0.3956430785456418,0.885753870010376,0.8423577547073364,"[0.9788751006126404, 0.9234216809272766, 0.8170163035392761, 0.7136927843093872, 0.7787829637527466]",100,128,/Home/siv32/rfo034/master-thesis/data/adtof/adtof_yt_train.pt,/Home/siv32/rfo034/master-thesis/data/adtof/adtof_yt_validation.pt,tensor([0.7242]),tensor([0.5008]),0.0004928482414883749,0.0001998528748287578,<class 'torch.optim.adamw.AdamW'>,<class 'models.VisionTransformer'>,"[1, 7]",6,10,576,cuda:0,1745758670
5,2.6354972473780314,0.39992578006000773,0.8854145407676697,0.844962477684021,"[0.9779381155967712, 0.9235916137695312, 0.8306686878204346, 0.712276816368103, 0.7803373336791992]",1,1746324554,,,False,6,06693be6,2025-05-04_04-09-14,1126.3634111881256,6798.024228811264,3334716,birget.uib.no,129.177.13.75,6798.024228811264,6,2.7143882983071466,0.3956430785456418,0.885753870010376,0.8423577547073364,"[0.9788751006126404, 0.9234216809272766, 0.8170163035392761, 0.7136927843093872, 0.7787829637527466]",100,128,/Home/siv32/rfo034/master-thesis/data/adtof/adtof_yt_train.pt,/Home/siv32/rfo034/master-thesis/data/adtof/adtof_yt_validation.pt,tensor([0.7242]),tensor([0.5008]),0.0004928482414883749,0.0001998528748287578,<class 'torch.optim.adamw.AdamW'>,<class 'models.VisionTransformer'>,"[1, 7]",6,10,576,cuda:0,1745758670
6,2.5435944588979087,0.40818465005458715,0.886661171913147,0.8479629755020142,"[0.9775571823120117, 0.9235516786575317, 0.8290831446647644, 0.724655032157898, 0.784967839717865]",2,1746325684,checkpoint_000005,True,False,7,06693be6,2025-05-04_04-28-04,1130.261600971222,7928.285829782486,3334716,birget.uib.no,129.177.13.75,7928.285829782486,7,2.5435944588979087,0.40818465005458715,0.886661171913147,0.8479629755020142,"[0.9775571823120117, 0.9235516786575317, 0.8290831446647644, 0.724655032157898, 0.784967839717865]",100,128,/Home/siv32/rfo034/master-thesis/data/adtof/adtof_yt_train.pt,/Home/siv32/rfo034/master-thesis/data/adtof/adtof_yt_validation.pt,tensor([0.7242]),tensor([0.5008]),0.0004928482414883749,0.0001998528748287578,<class 'torch.optim.adamw.AdamW'>,<class 'models.VisionTransformer'>,"[1, 7]",6,10,576,cuda:0,1745758670
7,2.482231105395726,0.4111658427946368,0.8862465620040894,0.8467922210693359,"[0.977838933467865, 0.9252511262893677, 0.8219908475875854, 0.7349545955657959, 0.7739257216453552]",3,1746326812,,,False,8,06693be6,2025-05-04_04-46-52,1127.6345732212067,9055.920403003693,3334716,birget.uib.no,129.177.13.75,9055.920403003693,8,2.5435944588979087,0.40818465005458715,0.886661171913147,0.8479629755020142,"[0.9775571823120117, 0.9235516786575317, 0.8290831446647644, 0.724655032157898, 0.784967839717865]",100,128,/Home/siv32/rfo034/master-thesis/data/adtof/adtof_yt_train.pt,/Home/siv32/rfo034/master-thesis/data/adtof/adtof_yt_validation.pt,tensor([0.7242]),tensor([0.5008]),0.0004928482414883749,0.0001998528748287578,<class 'torch.optim.adamw.AdamW'>,<class 'models.VisionTransformer'>,"[1, 7]",6,10,576,cuda:0,1745758670
8,2.4188663750603085,0.3971307825149418,0.8857640624046326,0.8472864031791687,"[0.9756706357002258, 0.9257761836051941, 0.8173867464065552, 0.736866295337677, 0.7807320356369019]",4,1746327940,,,False,9,06693be6,2025-05-04_05-05-40,1128.2707030773163,10184.191106081009,3334716,birget.uib.no,129.177.13.75,10184.191106081009,9,2.5435944588979087,0.40818465005458715,0.886661171913147,0.8479629755020142,"[0.9775571823120117, 0.9235516786575317, 0.8290831446647644, 0.724655032157898, 0.784967839717865]",100,128,/Home/siv32/rfo034/master-thesis/data/adtof/adtof_yt_train.pt,/Home/siv32/rfo034/master-thesis/data/adtof/adtof_yt_validation.pt,tensor([0.7242]),tensor([0.5008]),0.0004928482414883749,0.0001998528748287578,<class 'torch.optim.adamw.AdamW'>,<class 'models.VisionTransformer'>,"[1, 7]",6,10,576,cuda:0,1745758670
9,2.3536188897632417,0.3982111335063296,0.8908765912055969,0.8548955917358398,"[0.978324830532074, 0.9293431043624878, 0.8375363349914551, 0.7357772588729858, 0.7934961915016174]",5,1746329070,checkpoint_000006,True,False,10,06693be6,2025-05-04_05-24-30,1130.5539009571075,11314.745007038116,3334716,birget.uib.no,129.177.13.75,11314.745007038116,10,2.3536188897632417,0.3982111335063296,0.8908765912055969,0.8548955917358398,"[0.978324830532074, 0.9293431043624878, 0.8375363349914551, 0.7357772588729858, 0.7934961915016174]",100,128,/Home/siv32/rfo034/master-thesis/data/adtof/adtof_yt_train.pt,/Home/siv32/rfo034/master-thesis/data/adtof/adtof_yt_validation.pt,tensor([0.7242]),tensor([0.5008]),0.0004928482414883749,0.0001998528748287578,<class 'torch.optim.adamw.AdamW'>,<class 'models.VisionTransformer'>,"[1, 7]",6,10,576,cuda:0,1745758670
10,2.3142555677323116,0.3864605509499621,0.8930640816688538,0.8569104075431824,"[0.9792358875274658, 0.9296964406967163, 0.8369960188865662, 0.7465556263923645, 0.7920677661895752]",0,1746330199,checkpoint_000007,True,False,11,06693be6,2025-05-04_05-43-19,1128.4320471286774,12443.177054166794,3334716,birget.uib.no,129.177.13.75,12443.177054166794,11,2.3142555677323116,0.3864605509499621,0.8930640816688538,0.8569104075431824,"[0.9792358875274658, 0.9296964406967163, 0.8369960188865662, 0.7465556263923645, 0.7920677661895752]",100,128,/Home/siv32/rfo034/master-thesis/data/adtof/adtof_yt_train.pt,/Home/siv32/rfo034/master-thesis/data/adtof/adtof_yt_validation.pt,tensor([0.7242]),tensor([0.5008]),0.0004928482414883749,0.0001998528748287578,<class 'torch.optim.adamw.AdamW'>,<class 'models.VisionTransformer'>,"[1, 7]",6,10,576,cuda:0,1745758670
11,2.2552283232552663,0.3977464085633534,0.889719545841217,0.852231502532959,"[0.9780852794647217, 0.9313130378723145, 0.8269367814064026, 0.7391489148139954, 0.7856735587120056]",1,1746331328,,,False,12,06693be6,2025-05-04_06-02-08,1129.3952677249908,13572.572321891785,3334716,birget.uib.no,129.177.13.75,13572.572321891785,12,2.3142555677323116,0.3864605509499621,0.8930640816688538,0.8569104075431824,"[0.9792358875274658, 0.9296964406967163, 0.8369960188865662, 0.7465556263923645, 0.7920677661895752]",100,128,/Home/siv32/rfo034/master-thesis/data/adtof/adtof_yt_train.pt,/Home/siv32/rfo034/master-thesis/data/adtof/adtof_yt_validation.pt,tensor([0.7242]),tensor([0.5008]),0.0004928482414883749,0.0001998528748287578,<class 'torch.optim.adamw.AdamW'>,<class 'models.VisionTransformer'>,"[1, 7]",6,10,576,cuda:0,1745758670
12,2.2034394012178695,0.3754605296424832,0.8937210440635681,0.8567406535148621,"[0.9780021905899048, 0.9320159554481506, 0.8305453658103943, 0.746806800365448, 0.796332836151123]",0,1746332455,checkpoint_000008,True,False,13,06693be6,2025-05-04_06-20-56,1127.307855606079,14699.880177497864,3334716,birget.uib.no,129.177.13.75,14699.880177497864,13,2.2034394012178695,0.3754605296424832,0.8937210440635681,0.8567406535148621,"[0.9780021905899048, 0.9320159554481506, 0.8305453658103943, 0.746806800365448, 0.796332836151123]",100,128,/Home/siv32/rfo034/master-thesis/data/adtof/adtof_yt_train.pt,/Home/siv32/rfo034/master-thesis/data/adtof/adtof_yt_validation.pt,tensor([0.7242]),tensor([0.5008]),0.0004928482414883749,0.0001998528748287578,<class 'torch.optim.adamw.AdamW'>,<class 'models.VisionTransformer'>,"[1, 7]",6,10,576,cuda:0,1745758670
13,2.1599109438487463,0.3776370691307841,0.8970075249671936,0.8618911504745483,"[0.9803509712219238, 0.9325821399688721, 0.8477832078933716, 0.7467567920684814, 0.8019827008247375]",1,1746333583,checkpoint_000009,True,False,14,06693be6,2025-05-04_06-39-43,1127.2649655342102,15827.145143032074,3334716,birget.uib.no,129.177.13.75,15827.145143032074,14,2.1599109438487463,0.3776370691307841,0.8970075249671936,0.8618911504745483,"[0.9803509712219238, 0.9325821399688721, 0.8477832078933716, 0.7467567920684814, 0.8019827008247375]",100,128,/Home/siv32/rfo034/master-thesis/data/adtof/adtof_yt_train.pt,/Home/siv32/rfo034/master-thesis/data/adtof/adtof_yt_validation.pt,tensor([0.7242]),tensor([0.5008]),0.0004928482414883749,0.0001998528748287578,<class 'torch.optim.adamw.AdamW'>,<class 'models.VisionTransformer'>,"[1, 7]",6,10,576,cuda:0,1745758670
14,2.099922029177348,0.37889450132059105,0.8951286673545837,0.8591641187667847,"[0.9783841371536255, 0.9353823065757751, 0.8341081738471985, 0.7512338757514954, 0.7967119812965393]",2,1746334709,,,False,15,06693be6,2025-05-04_06-58-29,1126.2731330394745,16953.41827607155,3334716,birget.uib.no,129.177.13.75,16953.41827607155,15,2.1599109438487463,0.3776370691307841,0.8970075249671936,0.8618911504745483,"[0.9803509712219238, 0.9325821399688721, 0.8477832078933716, 0.7467567920684814, 0.8019827008247375]",100,128,/Home/siv32/rfo034/master-thesis/data/adtof/adtof_yt_train.pt,/Home/siv32/rfo034/master-thesis/data/adtof/adtof_yt_validation.pt,tensor([0.7242]),tensor([0.5008]),0.0004928482414883749,0.0001998528748287578,<class 'torch.optim.adamw.AdamW'>,<class 'models.VisionTransformer'>,"[1, 7]",6,10,576,cuda:0,1745758670
15,2.065741004149119,0.3872695822547711,0.8944063186645508,0.859113335609436,"[0.9777613282203674, 0.9324159026145935, 0.837144136428833, 0.7485814094543457, 0.799663782119751]",3,1746335836,,,False,16,06693be6,2025-05-04_07-17-16,1126.2629821300507,18079.6812582016,3334716,birget.uib.no,129.177.13.75,18079.6812582016,16,2.1599109438487463,0.3776370691307841,0.8970075249671936,0.8618911504745483,"[0.9803509712219238, 0.9325821399688721, 0.8477832078933716, 0.7467567920684814, 0.8019827008247375]",100,128,/Home/siv32/rfo034/master-thesis/data/adtof/adtof_yt_train.pt,/Home/siv32/rfo034/master-thesis/data/adtof/adtof_yt_validation.pt,tensor([0.7242]),tensor([0.5008]),0.0004928482414883749,0.0001998528748287578,<class 'torch.optim.adamw.AdamW'>,<class 'models.VisionTransformer'>,"[1, 7]",6,10,576,cuda:0,1745758670
16,2.0235001962525505,0.3730434976222757,0.8949428200721741,0.8596259355545044,"[0.978420078754425, 0.931686282157898, 0.8407673239707947, 0.7452207207679749, 0.8020352721214294]",0,1746336962,,,False,17,06693be6,2025-05-04_07-36-02,1126.5944538116455,19206.275712013245,3334716,birget.uib.no,129.177.13.75,19206.275712013245,17,2.1599109438487463,0.3776370691307841,0.8970075249671936,0.8618911504745483,"[0.9803509712219238, 0.9325821399688721, 0.8477832078933716, 0.7467567920684814, 0.8019827008247375]",100,128,/Home/siv32/rfo034/master-thesis/data/adtof/adtof_yt_train.pt,/Home/siv32/rfo034/master-thesis/data/adtof/adtof_yt_validation.pt,tensor([0.7242]),tensor([0.5008]),0.0004928482414883749,0.0001998528748287578,<class 'torch.optim.adamw.AdamW'>,<class 'models.VisionTransformer'>,"[1, 7]",6,10,576,cuda:0,1745758670
17,1.994723451705206,0.3892471981993856,0.8834015130996704,0.8458935618400574,"[0.9781426787376404, 0.9294407963752747, 0.8425432443618774, 0.6993598937988281, 0.779981255531311]",1,1746338090,,,False,18,06693be6,2025-05-04_07-54-50,1128.1552031040192,20334.430915117264,3334716,birget.uib.no,129.177.13.75,20334.430915117264,18,2.1599109438487463,0.3776370691307841,0.8970075249671936,0.8618911504745483,"[0.9803509712219238, 0.9325821399688721, 0.8477832078933716, 0.7467567920684814, 0.8019827008247375]",100,128,/Home/siv32/rfo034/master-thesis/data/adtof/adtof_yt_train.pt,/Home/siv32/rfo034/master-thesis/data/adtof/adtof_yt_validation.pt,tensor([0.7242]),tensor([0.5008]),0.0004928482414883749,0.0001998528748287578,<class 'torch.optim.adamw.AdamW'>,<class 'models.VisionTransformer'>,"[1, 7]",6,10,576,cuda:0,1745758670
18,1.9647372731708346,0.37392334489045165,0.8964455127716064,0.8618596196174622,"[0.9790789484977722, 0.9337347745895386, 0.8417537212371826, 0.7554237246513367, 0.7993066906929016]",2,1746339216,,,False,19,06693be6,2025-05-04_08-13-36,1125.4107596874237,21459.841674804688,3334716,birget.uib.no,129.177.13.75,21459.841674804688,19,2.1599109438487463,0.3776370691307841,0.8970075249671936,0.8618911504745483,"[0.9803509712219238, 0.9325821399688721, 0.8477832078933716, 0.7467567920684814, 0.8019827008247375]",100,128,/Home/siv32/rfo034/master-thesis/data/adtof/adtof_yt_train.pt,/Home/siv32/rfo034/master-thesis/data/adtof/adtof_yt_validation.pt,tensor([0.7242]),tensor([0.5008]),0.0004928482414883749,0.0001998528748287578,<class 'torch.optim.adamw.AdamW'>,<class 'models.VisionTransformer'>,"[1, 7]",6,10,576,cuda:0,1745758670
19,1.9203137694086347,0.37424893723185365,0.8959500789642334,0.8614101409912109,"[0.9800382852554321, 0.9333238005638123, 0.8450065851211548, 0.7437843680381775, 0.8048974871635437]",3,1746340343,,,False,20,06693be6,2025-05-04_08-32-23,1127.2106955051422,22587.05237030983,3334716,birget.uib.no,129.177.13.75,22587.05237030983,20,2.1599109438487463,0.3776370691307841,0.8970075249671936,0.8618911504745483,"[0.9803509712219238, 0.9325821399688721, 0.8477832078933716, 0.7467567920684814, 0.8019827008247375]",100,128,/Home/siv32/rfo034/master-thesis/data/adtof/adtof_yt_train.pt,/Home/siv32/rfo034/master-thesis/data/adtof/adtof_yt_validation.pt,tensor([0.7242]),tensor([0.5008]),0.0004928482414883749,0.0001998528748287578,<class 'torch.optim.adamw.AdamW'>,<class 'models.VisionTransformer'>,"[1, 7]",6,10,576,cuda:0,1745758670
20,1.8926728916168214,0.3775355050479788,0.8948307633399963,0.8600829839706421,"[0.979023814201355, 0.9335886240005493, 0.8398043513298035, 0.746938943862915, 0.8010594844818115]",4,1746341470,,,False,21,06693be6,2025-05-04_08-51-10,1127.032800912857,23714.085171222687,3334716,birget.uib.no,129.177.13.75,23714.085171222687,21,2.1599109438487463,0.3776370691307841,0.8970075249671936,0.8618911504745483,"[0.9803509712219238, 0.9325821399688721, 0.8477832078933716, 0.7467567920684814, 0.8019827008247375]",100,128,/Home/siv32/rfo034/master-thesis/data/adtof/adtof_yt_train.pt,/Home/siv32/rfo034/master-thesis/data/adtof/adtof_yt_validation.pt,tensor([0.7242]),tensor([0.5008]),0.0004928482414883749,0.0001998528748287578,<class 'torch.optim.adamw.AdamW'>,<class 'models.VisionTransformer'>,"[1, 7]",6,10,576,cuda:0,1745758670
21,1.8514897259076437,0.3704132053032846,0.8975833654403687,0.8645216822624207,"[0.9785354733467102, 0.9352388978004456, 0.8463342785835266, 0.7586900591850281, 0.8038101196289062]",0,1746342597,checkpoint_000010,True,False,22,06693be6,2025-05-04_09-09-57,1126.8571877479553,24840.942358970642,3334716,birget.uib.no,129.177.13.75,24840.942358970642,22,1.8514897259076437,0.3704132053032846,0.8975833654403687,0.8645216822624207,"[0.9785354733467102, 0.9352388978004456, 0.8463342785835266, 0.7586900591850281, 0.8038101196289062]",100,128,/Home/siv32/rfo034/master-thesis/data/adtof/adtof_yt_train.pt,/Home/siv32/rfo034/master-thesis/data/adtof/adtof_yt_validation.pt,tensor([0.7242]),tensor([0.5008]),0.0004928482414883749,0.0001998528748287578,<class 'torch.optim.adamw.AdamW'>,<class 'models.VisionTransformer'>,"[1, 7]",6,10,576,cuda:0,1745758670
22,1.8354145048913502,0.38285731770393605,0.8953028321266174,0.8619959950447083,"[0.9776748418807983, 0.9294075965881348, 0.8461337685585022, 0.7497488856315613, 0.8070150017738342]",1,1746343723,,,False,23,06693be6,2025-05-04_09-28-43,1126.5232651233673,25967.46562409401,3334716,birget.uib.no,129.177.13.75,25967.46562409401,23,1.8514897259076437,0.3704132053032846,0.8975833654403687,0.8645216822624207,"[0.9785354733467102, 0.9352388978004456, 0.8463342785835266, 0.7586900591850281, 0.8038101196289062]",100,128,/Home/siv32/rfo034/master-thesis/data/adtof/adtof_yt_train.pt,/Home/siv32/rfo034/master-thesis/data/adtof/adtof_yt_validation.pt,tensor([0.7242]),tensor([0.5008]),0.0004928482414883749,0.0001998528748287578,<class 'torch.optim.adamw.AdamW'>,<class 'models.VisionTransformer'>,"[1, 7]",6,10,576,cuda:0,1745758670
23,1.8253272854714166,0.3693054363065879,0.8976513147354126,0.863075852394104,"[0.9795375466346741, 0.9353386163711548, 0.838257372379303, 0.7568105459213257, 0.8054351806640625]",0,1746344852,checkpoint_000011,True,False,24,06693be6,2025-05-04_09-47-32,1128.9075348377228,27096.373158931732,3334716,birget.uib.no,129.177.13.75,27096.373158931732,24,1.8253272854714166,0.3693054363065879,0.8976513147354126,0.863075852394104,"[0.9795375466346741, 0.9353386163711548, 0.838257372379303, 0.7568105459213257, 0.8054351806640625]",100,128,/Home/siv32/rfo034/master-thesis/data/adtof/adtof_yt_train.pt,/Home/siv32/rfo034/master-thesis/data/adtof/adtof_yt_validation.pt,tensor([0.7242]),tensor([0.5008]),0.0004928482414883749,0.0001998528748287578,<class 'torch.optim.adamw.AdamW'>,<class 'models.VisionTransformer'>,"[1, 7]",6,10,576,cuda:0,1745758670
24,1.7850616364251999,0.3766798411171867,0.8974966406822205,0.8644111752510071,"[0.9797993302345276, 0.9357259273529053, 0.8517181277275085, 0.7511007785797119, 0.8037118911743164]",1,1746345984,,,False,25,06693be6,2025-05-04_10-06-24,1131.8540813922882,28228.22724032402,3334716,birget.uib.no,129.177.13.75,28228.22724032402,25,1.8253272854714166,0.3693054363065879,0.8976513147354126,0.863075852394104,"[0.9795375466346741, 0.9353386163711548, 0.838257372379303, 0.7568105459213257, 0.8054351806640625]",100,128,/Home/siv32/rfo034/master-thesis/data/adtof/adtof_yt_train.pt,/Home/siv32/rfo034/master-thesis/data/adtof/adtof_yt_validation.pt,tensor([0.7242]),tensor([0.5008]),0.0004928482414883749,0.0001998528748287578,<class 'torch.optim.adamw.AdamW'>,<class 'models.VisionTransformer'>,"[1, 7]",6,10,576,cuda:0,1745758670
25,1.766501446337927,0.3791326594247692,0.8944434523582458,0.8604887127876282,"[0.9790919423103333, 0.9313388466835022, 0.8477345108985901, 0.748746931552887, 0.7955313324928284]",2,1746347129,,,False,26,06693be6,2025-05-04_10-25-29,1145.1721680164337,29373.399408340454,3334716,birget.uib.no,129.177.13.75,29373.399408340454,26,1.8253272854714166,0.3693054363065879,0.8976513147354126,0.863075852394104,"[0.9795375466346741, 0.9353386163711548, 0.838257372379303, 0.7568105459213257, 0.8054351806640625]",100,128,/Home/siv32/rfo034/master-thesis/data/adtof/adtof_yt_train.pt,/Home/siv32/rfo034/master-thesis/data/adtof/adtof_yt_validation.pt,tensor([0.7242]),tensor([0.5008]),0.0004928482414883749,0.0001998528748287578,<class 'torch.optim.adamw.AdamW'>,<class 'models.VisionTransformer'>,"[1, 7]",6,10,576,cuda:0,1745758670
26,1.7453911808558873,0.37634684598393375,0.8994664549827576,0.8673518896102905,"[0.9792153835296631, 0.934770941734314, 0.8578367233276367, 0.7576096653938293, 0.8073265552520752]",3,1746348256,checkpoint_000012,True,False,27,06693be6,2025-05-04_10-44-17,1127.0916604995728,30500.491068840027,3334716,birget.uib.no,129.177.13.75,30500.491068840027,27,1.7453911808558873,0.37634684598393375,0.8994664549827576,0.8673518896102905,"[0.9792153835296631, 0.934770941734314, 0.8578367233276367, 0.7576096653938293, 0.8073265552520752]",100,128,/Home/siv32/rfo034/master-thesis/data/adtof/adtof_yt_train.pt,/Home/siv32/rfo034/master-thesis/data/adtof/adtof_yt_validation.pt,tensor([0.7242]),tensor([0.5008]),0.0004928482414883749,0.0001998528748287578,<class 'torch.optim.adamw.AdamW'>,<class 'models.VisionTransformer'>,"[1, 7]",6,10,576,cuda:0,1745758670
27,1.7190098853338331,0.3855069955802699,0.8959847688674927,0.861659824848175,"[0.97883540391922, 0.9317073822021484, 0.8443630933761597, 0.7501029372215271, 0.8032902479171753]",4,1746349382,,,False,28,06693be6,2025-05-04_11-03-02,1125.085133075714,31625.57620191574,3334716,birget.uib.no,129.177.13.75,31625.57620191574,28,1.7453911808558873,0.37634684598393375,0.8994664549827576,0.8673518896102905,"[0.9792153835296631, 0.934770941734314, 0.8578367233276367, 0.7576096653938293, 0.8073265552520752]",100,128,/Home/siv32/rfo034/master-thesis/data/adtof/adtof_yt_train.pt,/Home/siv32/rfo034/master-thesis/data/adtof/adtof_yt_validation.pt,tensor([0.7242]),tensor([0.5008]),0.0004928482414883749,0.0001998528748287578,<class 'torch.optim.adamw.AdamW'>,<class 'models.VisionTransformer'>,"[1, 7]",6,10,576,cuda:0,1745758670
28,1.7022761501584733,0.39026570293871843,0.8979807496070862,0.8645597696304321,"[0.9790491461753845, 0.9352889657020569, 0.8468887209892273, 0.7580739259719849, 0.803497850894928]",5,1746350509,,,False,29,06693be6,2025-05-04_11-21-49,1127.63507437706,32753.2112762928,3334716,birget.uib.no,129.177.13.75,32753.2112762928,29,1.7453911808558873,0.37634684598393375,0.8994664549827576,0.8673518896102905,"[0.9792153835296631, 0.934770941734314, 0.8578367233276367, 0.7576096653938293, 0.8073265552520752]",100,128,/Home/siv32/rfo034/master-thesis/data/adtof/adtof_yt_train.pt,/Home/siv32/rfo034/master-thesis/data/adtof/adtof_yt_validation.pt,tensor([0.7242]),tensor([0.5008]),0.0004928482414883749,0.0001998528748287578,<class 'torch.optim.adamw.AdamW'>,<class 'models.VisionTransformer'>,"[1, 7]",6,10,576,cuda:0,1745758670
29,1.6801378538495018,0.38522816124466547,0.8984984159469604,0.865929901599884,"[0.9794948697090149, 0.9327096343040466, 0.854951798915863, 0.7540726065635681, 0.808420717716217]",6,1746351639,,,False,30,06693be6,2025-05-04_11-40-39,1129.3498141765594,33882.56109046936,3334716,birget.uib.no,129.177.13.75,33882.56109046936,30,1.7453911808558873,0.37634684598393375,0.8994664549827576,0.8673518896102905,"[0.9792153835296631, 0.934770941734314, 0.8578367233276367, 0.7576096653938293, 0.8073265552520752]",100,128,/Home/siv32/rfo034/master-thesis/data/adtof/adtof_yt_train.pt,/Home/siv32/rfo034/master-thesis/data/adtof/adtof_yt_validation.pt,tensor([0.7242]),tensor([0.5008]),0.0004928482414883749,0.0001998528748287578,<class 'torch.optim.adamw.AdamW'>,<class 'models.VisionTransformer'>,"[1, 7]",6,10,576,cuda:0,1745758670
30,1.5667328213510059,0.4010951215737717,0.9029139876365662,0.8714808225631714,"[0.9805848002433777, 0.9381359219551086, 0.8635798692703247, 0.7629965543746948, 0.8121068477630615]",7,1746352765,checkpoint_000013,True,False,31,06693be6,2025-05-04_11-59-25,1126.5746517181396,35009.1357421875,3334716,birget.uib.no,129.177.13.75,35009.1357421875,31,1.5667328213510059,0.4010951215737717,0.9029139876365662,0.8714808225631714,"[0.9805848002433777, 0.9381359219551086, 0.8635798692703247, 0.7629965543746948, 0.8121068477630615]",100,128,/Home/siv32/rfo034/master-thesis/data/adtof/adtof_yt_train.pt,/Home/siv32/rfo034/master-thesis/data/adtof/adtof_yt_validation.pt,tensor([0.7242]),tensor([0.5008]),0.0004928482414883749,0.0001998528748287578,<class 'torch.optim.adamw.AdamW'>,<class 'models.VisionTransformer'>,"[1, 7]",6,10,576,cuda:0,1745758670
31,1.5175396603629703,0.41340026797702134,0.9035902619361877,0.8719611167907715,"[0.9807366728782654, 0.9383907318115234, 0.8643375635147095, 0.7639251351356506, 0.812415599822998]",8,1746353892,checkpoint_000014,True,False,32,06693be6,2025-05-04_12-18-13,1127.262951850891,36136.39869403839,3334716,birget.uib.no,129.177.13.75,36136.39869403839,32,1.5175396603629703,0.41340026797702134,0.9035902619361877,0.8719611167907715,"[0.9807366728782654, 0.9383907318115234, 0.8643375635147095, 0.7639251351356506, 0.812415599822998]",100,128,/Home/siv32/rfo034/master-thesis/data/adtof/adtof_yt_train.pt,/Home/siv32/rfo034/master-thesis/data/adtof/adtof_yt_validation.pt,tensor([0.7242]),tensor([0.5008]),0.0004928482414883749,0.0001998528748287578,<class 'torch.optim.adamw.AdamW'>,<class 'models.VisionTransformer'>,"[1, 7]",6,10,576,cuda:0,1745758670
32,1.4932192993164062,0.4215861786042016,0.9039175510406494,0.8730624914169312,"[0.9805594086647034, 0.9382140040397644, 0.8678941130638123, 0.765762209892273, 0.8128827810287476]",9,1746355018,checkpoint_000015,True,False,33,06693be6,2025-05-04_12-36-59,1126.0817551612854,37262.48044919968,3334716,birget.uib.no,129.177.13.75,37262.48044919968,33,1.4932192993164062,0.4215861786042016,0.9039175510406494,0.8730624914169312,"[0.9805594086647034, 0.9382140040397644, 0.8678941130638123, 0.765762209892273, 0.8128827810287476]",100,128,/Home/siv32/rfo034/master-thesis/data/adtof/adtof_yt_train.pt,/Home/siv32/rfo034/master-thesis/data/adtof/adtof_yt_validation.pt,tensor([0.7242]),tensor([0.5008]),0.0004928482414883749,0.0001998528748287578,<class 'torch.optim.adamw.AdamW'>,<class 'models.VisionTransformer'>,"[1, 7]",6,10,576,cuda:0,1745758670
33,1.4745990846270607,0.4306781668757552,0.9038904309272766,0.8726642727851868,"[0.9806183576583862, 0.9387328028678894, 0.866880476474762, 0.7645639181137085, 0.8125255703926086]",10,1746356145,,,False,34,06693be6,2025-05-04_12-55-45,1125.7821757793427,38388.26262497902,3334716,birget.uib.no,129.177.13.75,38388.26262497902,34,1.4932192993164062,0.4215861786042016,0.9039175510406494,0.8730624914169312,"[0.9805594086647034, 0.9382140040397644, 0.8678941130638123, 0.765762209892273, 0.8128827810287476]",100,128,/Home/siv32/rfo034/master-thesis/data/adtof/adtof_yt_train.pt,/Home/siv32/rfo034/master-thesis/data/adtof/adtof_yt_validation.pt,tensor([0.7242]),tensor([0.5008]),0.0004928482414883749,0.0001998528748287578,<class 'torch.optim.adamw.AdamW'>,<class 'models.VisionTransformer'>,"[1, 7]",6,10,576,cuda:0,1745758670
34,1.4593768673851377,0.43450928377685044,0.9035921692848206,0.8720740079879761,"[0.9807302355766296, 0.937684178352356, 0.8660874366760254, 0.7631659507751465, 0.8127022385597229]",11,1746357270,,,False,35,06693be6,2025-05-04_13-14-30,1125.3073840141296,39513.57000899315,3334716,birget.uib.no,129.177.13.75,39513.57000899315,35,1.4932192993164062,0.4215861786042016,0.9039175510406494,0.8730624914169312,"[0.9805594086647034, 0.9382140040397644, 0.8678941130638123, 0.765762209892273, 0.8128827810287476]",100,128,/Home/siv32/rfo034/master-thesis/data/adtof/adtof_yt_train.pt,/Home/siv32/rfo034/master-thesis/data/adtof/adtof_yt_validation.pt,tensor([0.7242]),tensor([0.5008]),0.0004928482414883749,0.0001998528748287578,<class 'torch.optim.adamw.AdamW'>,<class 'models.VisionTransformer'>,"[1, 7]",6,10,576,cuda:0,1745758670
35,1.4455334440867107,0.4412565700020559,0.9035371541976929,0.8720586895942688,"[0.9806502461433411, 0.9383458495140076, 0.8654446005821228, 0.7631676197052002, 0.8126846551895142]",12,1746358395,,,False,36,06693be6,2025-05-04_13-33-15,1125.292982339859,40638.86299133301,3334716,birget.uib.no,129.177.13.75,40638.86299133301,36,1.4932192993164062,0.4215861786042016,0.9039175510406494,0.8730624914169312,"[0.9805594086647034, 0.9382140040397644, 0.8678941130638123, 0.765762209892273, 0.8128827810287476]",100,128,/Home/siv32/rfo034/master-thesis/data/adtof/adtof_yt_train.pt,/Home/siv32/rfo034/master-thesis/data/adtof/adtof_yt_validation.pt,tensor([0.7242]),tensor([0.5008]),0.0004928482414883749,0.0001998528748287578,<class 'torch.optim.adamw.AdamW'>,<class 'models.VisionTransformer'>,"[1, 7]",6,10,576,cuda:0,1745758670
36,1.4203655133928572,0.45026625279287935,0.9042351841926575,0.8728954195976257,"[0.9807335138320923, 0.938325047492981, 0.8672230839729309, 0.7644534707069397, 0.8137418627738953]",13,1746359523,checkpoint_000016,True,False,37,06693be6,2025-05-04_13-52-04,1128.503747701645,41767.36673903465,3334716,birget.uib.no,129.177.13.75,41767.36673903465,37,1.4203655133928572,0.45026625279287935,0.9042351841926575,0.8728954195976257,"[0.9807335138320923, 0.938325047492981, 0.8672230839729309, 0.7644534707069397, 0.8137418627738953]",100,128,/Home/siv32/rfo034/master-thesis/data/adtof/adtof_yt_train.pt,/Home/siv32/rfo034/master-thesis/data/adtof/adtof_yt_validation.pt,tensor([0.7242]),tensor([0.5008]),0.0004928482414883749,0.0001998528748287578,<class 'torch.optim.adamw.AdamW'>,<class 'models.VisionTransformer'>,"[1, 7]",6,10,576,cuda:0,1745758670
37,1.4127774666604542,0.4555731098032208,0.9043998718261719,0.8731321096420288,"[0.9807687997817993, 0.9384273886680603, 0.8675557374954224, 0.7651150226593018, 0.8137933611869812]",14,1746360649,checkpoint_000017,True,False,38,06693be6,2025-05-04_14-10-50,1125.8201415538788,42893.18688058853,3334716,birget.uib.no,129.177.13.75,42893.18688058853,38,1.4127774666604542,0.4555731098032208,0.9043998718261719,0.8731321096420288,"[0.9807687997817993, 0.9384273886680603, 0.8675557374954224, 0.7651150226593018, 0.8137933611869812]",100,128,/Home/siv32/rfo034/master-thesis/data/adtof/adtof_yt_train.pt,/Home/siv32/rfo034/master-thesis/data/adtof/adtof_yt_validation.pt,tensor([0.7242]),tensor([0.5008]),0.0004928482414883749,0.0001998528748287578,<class 'torch.optim.adamw.AdamW'>,<class 'models.VisionTransformer'>,"[1, 7]",6,10,576,cuda:0,1745758670
38,1.4082116895630246,0.4584876741344183,0.9042502045631409,0.8730330467224121,"[0.9807393550872803, 0.9381141662597656, 0.868222177028656, 0.7646152377128601, 0.8134741187095642]",15,1746361775,,,True,39,06693be6,2025-05-04_14-29-35,1124.8726136684418,44018.05949425697,3334716,birget.uib.no,129.177.13.75,44018.05949425697,39,1.4127774666604542,0.4555731098032208,0.9043998718261719,0.8731321096420288,"[0.9807687997817993, 0.9384273886680603, 0.8675557374954224, 0.7651150226593018, 0.8137933611869812]",100,128,/Home/siv32/rfo034/master-thesis/data/adtof/adtof_yt_train.pt,/Home/siv32/rfo034/master-thesis/data/adtof/adtof_yt_validation.pt,tensor([0.7242]),tensor([0.5008]),0.0004928482414883749,0.0001998528748287578,<class 'torch.optim.adamw.AdamW'>,<class 'models.VisionTransformer'>,"[1, 7]",6,10,576,cuda:0,1745758670
