,Training Loss,Validation Loss,Micro F1,Macro F1,Class F1,epochs_since_improvement,timestamp,checkpoint_dir_name,should_checkpoint,done,training_iteration,trial_id,date,time_this_iter_s,time_total_s,pid,hostname,node_ip,time_since_restore,iterations_since_restore,best_epoch/Training Loss,best_epoch/Validation Loss,best_epoch/Micro F1,best_epoch/Macro F1,best_epoch/Class F1,config/num_epochs,config/batch_size,config/train_path,config/val_path,config/transforms/mean,config/transforms/std,config/lr,config/weight_decay,config/optimizer,config/Model,config/parameters/num_convs,config/parameters/num_layers,config/parameters/hidden_size,config/device,config/seed
0,3.8409283070481144,0.28741377182589234,0.7550448179244995,0.6150314211845398,"[0.8704519867897034, 0.7830160856246948, 0.25244203209877014, 0.7844191193580627, 0.38482794165611267]",0,1745194508,checkpoint_000000,True,False,1,0dcf5481,2025-04-21_02-15-08,95.23516654968262,95.23516654968262,356060,birget.uib.no,129.177.13.75,95.23516654968262,1,3.8409283070481144,0.28741377182589234,0.7550448179244995,0.6150314211845398,"[0.8704519867897034, 0.7830160856246948, 0.25244203209877014, 0.7844191193580627, 0.38482794165611267]",100,128,/Home/siv32/rfo034/master-thesis/data/slakh2100_flac_redux/slakh_train.pt,/Home/siv32/rfo034/master-thesis/data/slakh2100_flac_redux/slakh_validation.pt,tensor([0.3864]),tensor([0.4309]),0.0004906418028760076,0.00015075917238971344,<class 'torch.optim.adamw.AdamW'>,<class 'models.CNN'>,3,1,288,cuda:0,1745139893
1,3.363713969141481,0.32127194504701456,0.7790164351463318,0.6394070386886597,"[0.8763052821159363, 0.8124836087226868, 0.27739885449409485, 0.8080798387527466, 0.4227677881717682]",1,1745194584,checkpoint_000001,True,False,2,0dcf5481,2025-04-21_02-16-24,76.577641248703,171.81280779838562,356060,birget.uib.no,129.177.13.75,171.81280779838562,2,3.363713969141481,0.32127194504701456,0.7790164351463318,0.6394070386886597,"[0.8763052821159363, 0.8124836087226868, 0.27739885449409485, 0.8080798387527466, 0.4227677881717682]",100,128,/Home/siv32/rfo034/master-thesis/data/slakh2100_flac_redux/slakh_train.pt,/Home/siv32/rfo034/master-thesis/data/slakh2100_flac_redux/slakh_validation.pt,tensor([0.3864]),tensor([0.4309]),0.0004906418028760076,0.00015075917238971344,<class 'torch.optim.adamw.AdamW'>,<class 'models.CNN'>,3,1,288,cuda:0,1745139893
2,3.1991144983590876,0.25982000798214483,0.7961097955703735,0.6651011109352112,"[0.8883814811706543, 0.8329682946205139, 0.3517894148826599, 0.8130952715873718, 0.43927088379859924]",0,1745194657,checkpoint_000002,True,False,3,0dcf5481,2025-04-21_02-17-37,72.61853051185608,244.4313383102417,356060,birget.uib.no,129.177.13.75,244.4313383102417,3,3.1991144983590876,0.25982000798214483,0.7961097955703735,0.6651011109352112,"[0.8883814811706543, 0.8329682946205139, 0.3517894148826599, 0.8130952715873718, 0.43927088379859924]",100,128,/Home/siv32/rfo034/master-thesis/data/slakh2100_flac_redux/slakh_train.pt,/Home/siv32/rfo034/master-thesis/data/slakh2100_flac_redux/slakh_validation.pt,tensor([0.3864]),tensor([0.4309]),0.0004906418028760076,0.00015075917238971344,<class 'torch.optim.adamw.AdamW'>,<class 'models.CNN'>,3,1,288,cuda:0,1745139893
3,3.1003097683049607,0.2585933755599815,0.7952057123184204,0.6622707843780518,"[0.8861747980117798, 0.8269713521003723, 0.3147929012775421, 0.8225066661834717, 0.46090832352638245]",0,1745194729,,,False,4,0dcf5481,2025-04-21_02-18-49,71.65818667411804,316.08952498435974,356060,birget.uib.no,129.177.13.75,316.08952498435974,4,3.1991144983590876,0.25982000798214483,0.7961097955703735,0.6651011109352112,"[0.8883814811706543, 0.8329682946205139, 0.3517894148826599, 0.8130952715873718, 0.43927088379859924]",100,128,/Home/siv32/rfo034/master-thesis/data/slakh2100_flac_redux/slakh_train.pt,/Home/siv32/rfo034/master-thesis/data/slakh2100_flac_redux/slakh_validation.pt,tensor([0.3864]),tensor([0.4309]),0.0004906418028760076,0.00015075917238971344,<class 'torch.optim.adamw.AdamW'>,<class 'models.CNN'>,3,1,288,cuda:0,1745139893
4,3.0269912165809547,0.2609429991882266,0.802503764629364,0.6774955987930298,"[0.887963056564331, 0.8181864619255066, 0.37240055203437805, 0.8244600296020508, 0.48446768522262573]",1,1745194801,checkpoint_000003,True,False,5,0dcf5481,2025-04-21_02-20-01,72.80059051513672,388.89011549949646,356060,birget.uib.no,129.177.13.75,388.89011549949646,5,3.0269912165809547,0.2609429991882266,0.802503764629364,0.6774955987930298,"[0.887963056564331, 0.8181864619255066, 0.37240055203437805, 0.8244600296020508, 0.48446768522262573]",100,128,/Home/siv32/rfo034/master-thesis/data/slakh2100_flac_redux/slakh_train.pt,/Home/siv32/rfo034/master-thesis/data/slakh2100_flac_redux/slakh_validation.pt,tensor([0.3864]),tensor([0.4309]),0.0004906418028760076,0.00015075917238971344,<class 'torch.optim.adamw.AdamW'>,<class 'models.CNN'>,3,1,288,cuda:0,1745139893
5,2.9718746137694585,0.24324191566414505,0.8065507411956787,0.6864358186721802,"[0.8952041864395142, 0.8361485600471497, 0.38850137591362, 0.8271372318267822, 0.48518770933151245]",0,1745194873,checkpoint_000004,True,False,6,0dcf5481,2025-04-21_02-21-13,71.3978168964386,460.28793239593506,356060,birget.uib.no,129.177.13.75,460.28793239593506,6,2.9718746137694585,0.24324191566414505,0.8065507411956787,0.6864358186721802,"[0.8952041864395142, 0.8361485600471497, 0.38850137591362, 0.8271372318267822, 0.48518770933151245]",100,128,/Home/siv32/rfo034/master-thesis/data/slakh2100_flac_redux/slakh_train.pt,/Home/siv32/rfo034/master-thesis/data/slakh2100_flac_redux/slakh_validation.pt,tensor([0.3864]),tensor([0.4309]),0.0004906418028760076,0.00015075917238971344,<class 'torch.optim.adamw.AdamW'>,<class 'models.CNN'>,3,1,288,cuda:0,1745139893
6,2.9274391444095906,0.2610448896884918,0.7974728345870972,0.6631947755813599,"[0.9000357985496521, 0.8365693688392639, 0.3588554859161377, 0.8082672953605652, 0.4122460186481476]",1,1745194944,,,False,7,0dcf5481,2025-04-21_02-22-24,71.56442022323608,531.8523526191711,356060,birget.uib.no,129.177.13.75,531.8523526191711,7,2.9718746137694585,0.24324191566414505,0.8065507411956787,0.6864358186721802,"[0.8952041864395142, 0.8361485600471497, 0.38850137591362, 0.8271372318267822, 0.48518770933151245]",100,128,/Home/siv32/rfo034/master-thesis/data/slakh2100_flac_redux/slakh_train.pt,/Home/siv32/rfo034/master-thesis/data/slakh2100_flac_redux/slakh_validation.pt,tensor([0.3864]),tensor([0.4309]),0.0004906418028760076,0.00015075917238971344,<class 'torch.optim.adamw.AdamW'>,<class 'models.CNN'>,3,1,288,cuda:0,1745139893
7,2.891739793889307,0.240989753308187,0.7921907305717468,0.6814976930618286,"[0.8950605392456055, 0.8349884748458862, 0.39429786801338196, 0.8086307048797607, 0.4745108187198639]",0,1745195016,,,False,8,0dcf5481,2025-04-21_02-23-36,71.4777021408081,603.3300547599792,356060,birget.uib.no,129.177.13.75,603.3300547599792,8,2.9718746137694585,0.24324191566414505,0.8065507411956787,0.6864358186721802,"[0.8952041864395142, 0.8361485600471497, 0.38850137591362, 0.8271372318267822, 0.48518770933151245]",100,128,/Home/siv32/rfo034/master-thesis/data/slakh2100_flac_redux/slakh_train.pt,/Home/siv32/rfo034/master-thesis/data/slakh2100_flac_redux/slakh_validation.pt,tensor([0.3864]),tensor([0.4309]),0.0004906418028760076,0.00015075917238971344,<class 'torch.optim.adamw.AdamW'>,<class 'models.CNN'>,3,1,288,cuda:0,1745139893
8,2.861134585412293,0.2585034831675864,0.8014531135559082,0.6847040057182312,"[0.8976767063140869, 0.822313666343689, 0.4028927683830261, 0.8217588067054749, 0.47887811064720154]",1,1745195089,,,False,9,0dcf5481,2025-04-21_02-24-49,73.13336181640625,676.4634165763855,356060,birget.uib.no,129.177.13.75,676.4634165763855,9,2.9718746137694585,0.24324191566414505,0.8065507411956787,0.6864358186721802,"[0.8952041864395142, 0.8361485600471497, 0.38850137591362, 0.8271372318267822, 0.48518770933151245]",100,128,/Home/siv32/rfo034/master-thesis/data/slakh2100_flac_redux/slakh_train.pt,/Home/siv32/rfo034/master-thesis/data/slakh2100_flac_redux/slakh_validation.pt,tensor([0.3864]),tensor([0.4309]),0.0004906418028760076,0.00015075917238971344,<class 'torch.optim.adamw.AdamW'>,<class 'models.CNN'>,3,1,288,cuda:0,1745139893
9,2.830323969316558,0.22976220188705065,0.808529794216156,0.6961431503295898,"[0.8994818329811096, 0.8406760692596436, 0.42203858494758606, 0.822684645652771, 0.495834618806839]",0,1745195160,checkpoint_000005,True,False,10,0dcf5481,2025-04-21_02-26-01,71.44013690948486,747.9035534858704,356060,birget.uib.no,129.177.13.75,747.9035534858704,10,2.830323969316558,0.22976220188705065,0.808529794216156,0.6961431503295898,"[0.8994818329811096, 0.8406760692596436, 0.42203858494758606, 0.822684645652771, 0.495834618806839]",100,128,/Home/siv32/rfo034/master-thesis/data/slakh2100_flac_redux/slakh_train.pt,/Home/siv32/rfo034/master-thesis/data/slakh2100_flac_redux/slakh_validation.pt,tensor([0.3864]),tensor([0.4309]),0.0004906418028760076,0.00015075917238971344,<class 'torch.optim.adamw.AdamW'>,<class 'models.CNN'>,3,1,288,cuda:0,1745139893
10,2.8086133951619385,0.25533176605938046,0.8095978498458862,0.7013084292411804,"[0.8968349695205688, 0.8462068438529968, 0.4344903826713562, 0.8250485062599182, 0.5039615631103516]",1,1745195233,checkpoint_000006,True,False,11,0dcf5481,2025-04-21_02-27-13,72.34189081192017,820.2454442977905,356060,birget.uib.no,129.177.13.75,820.2454442977905,11,2.8086133951619385,0.25533176605938046,0.8095978498458862,0.7013084292411804,"[0.8968349695205688, 0.8462068438529968, 0.4344903826713562, 0.8250485062599182, 0.5039615631103516]",100,128,/Home/siv32/rfo034/master-thesis/data/slakh2100_flac_redux/slakh_train.pt,/Home/siv32/rfo034/master-thesis/data/slakh2100_flac_redux/slakh_validation.pt,tensor([0.3864]),tensor([0.4309]),0.0004906418028760076,0.00015075917238971344,<class 'torch.optim.adamw.AdamW'>,<class 'models.CNN'>,3,1,288,cuda:0,1745139893
11,2.7895695022093325,0.23855529065805536,0.8129159212112427,0.6927469968795776,"[0.9040429592132568, 0.847161591053009, 0.3673015236854553, 0.8368546962738037, 0.5083741545677185]",2,1745195304,checkpoint_000007,True,False,12,0dcf5481,2025-04-21_02-28-24,71.54866552352905,891.7941098213196,356060,birget.uib.no,129.177.13.75,891.7941098213196,12,2.7895695022093325,0.23855529065805536,0.8129159212112427,0.6927469968795776,"[0.9040429592132568, 0.847161591053009, 0.3673015236854553, 0.8368546962738037, 0.5083741545677185]",100,128,/Home/siv32/rfo034/master-thesis/data/slakh2100_flac_redux/slakh_train.pt,/Home/siv32/rfo034/master-thesis/data/slakh2100_flac_redux/slakh_validation.pt,tensor([0.3864]),tensor([0.4309]),0.0004906418028760076,0.00015075917238971344,<class 'torch.optim.adamw.AdamW'>,<class 'models.CNN'>,3,1,288,cuda:0,1745139893
12,2.7726120236558507,0.25561007959697085,0.8090972304344177,0.6895357966423035,"[0.9013193249702454, 0.8441318273544312, 0.39610418677330017, 0.8344279527664185, 0.47169557213783264]",3,1745195377,,,False,13,0dcf5481,2025-04-21_02-29-37,72.3452889919281,964.1393988132477,356060,birget.uib.no,129.177.13.75,964.1393988132477,13,2.7895695022093325,0.23855529065805536,0.8129159212112427,0.6927469968795776,"[0.9040429592132568, 0.847161591053009, 0.3673015236854553, 0.8368546962738037, 0.5083741545677185]",100,128,/Home/siv32/rfo034/master-thesis/data/slakh2100_flac_redux/slakh_train.pt,/Home/siv32/rfo034/master-thesis/data/slakh2100_flac_redux/slakh_validation.pt,tensor([0.3864]),tensor([0.4309]),0.0004906418028760076,0.00015075917238971344,<class 'torch.optim.adamw.AdamW'>,<class 'models.CNN'>,3,1,288,cuda:0,1745139893
13,2.751433003723338,0.24811812063664881,0.8139922022819519,0.6993153095245361,"[0.8996081352233887, 0.8520839214324951, 0.39094385504722595, 0.8317177295684814, 0.5222230553627014]",4,1745195449,checkpoint_000008,True,False,14,0dcf5481,2025-04-21_02-30-49,72.02506256103516,1036.1644613742828,356060,birget.uib.no,129.177.13.75,1036.1644613742828,14,2.751433003723338,0.24811812063664881,0.8139922022819519,0.6993153095245361,"[0.8996081352233887, 0.8520839214324951, 0.39094385504722595, 0.8317177295684814, 0.5222230553627014]",100,128,/Home/siv32/rfo034/master-thesis/data/slakh2100_flac_redux/slakh_train.pt,/Home/siv32/rfo034/master-thesis/data/slakh2100_flac_redux/slakh_validation.pt,tensor([0.3864]),tensor([0.4309]),0.0004906418028760076,0.00015075917238971344,<class 'torch.optim.adamw.AdamW'>,<class 'models.CNN'>,3,1,288,cuda:0,1745139893
14,2.736705828393129,0.2238058435325404,0.8103118538856506,0.6993935704231262,"[0.9012362957000732, 0.8454511165618896, 0.4341125190258026, 0.8266514539718628, 0.4895165264606476]",0,1745195521,,,False,15,0dcf5481,2025-04-21_02-32-01,71.68994951248169,1107.8544108867645,356060,birget.uib.no,129.177.13.75,1107.8544108867645,15,2.751433003723338,0.24811812063664881,0.8139922022819519,0.6993153095245361,"[0.8996081352233887, 0.8520839214324951, 0.39094385504722595, 0.8317177295684814, 0.5222230553627014]",100,128,/Home/siv32/rfo034/master-thesis/data/slakh2100_flac_redux/slakh_train.pt,/Home/siv32/rfo034/master-thesis/data/slakh2100_flac_redux/slakh_validation.pt,tensor([0.3864]),tensor([0.4309]),0.0004906418028760076,0.00015075917238971344,<class 'torch.optim.adamw.AdamW'>,<class 'models.CNN'>,3,1,288,cuda:0,1745139893
15,2.726474107539786,0.24938116216932543,0.8160282969474792,0.7001253366470337,"[0.902917742729187, 0.8440940380096436, 0.3964904248714447, 0.8357293009757996, 0.5213951468467712]",1,1745195592,checkpoint_000009,True,False,16,0dcf5481,2025-04-21_02-33-12,71.8165237903595,1179.670934677124,356060,birget.uib.no,129.177.13.75,1179.670934677124,16,2.726474107539786,0.24938116216932543,0.8160282969474792,0.7001253366470337,"[0.902917742729187, 0.8440940380096436, 0.3964904248714447, 0.8357293009757996, 0.5213951468467712]",100,128,/Home/siv32/rfo034/master-thesis/data/slakh2100_flac_redux/slakh_train.pt,/Home/siv32/rfo034/master-thesis/data/slakh2100_flac_redux/slakh_validation.pt,tensor([0.3864]),tensor([0.4309]),0.0004906418028760076,0.00015075917238971344,<class 'torch.optim.adamw.AdamW'>,<class 'models.CNN'>,3,1,288,cuda:0,1745139893
16,2.7118059655565845,0.22805754351251908,0.820996105670929,0.7043721675872803,"[0.9015970826148987, 0.852188229560852, 0.4147406220436096, 0.838818371295929, 0.5145168304443359]",2,1745195663,checkpoint_000010,True,False,17,0dcf5481,2025-04-21_02-34-23,71.02830362319946,1250.6992383003235,356060,birget.uib.no,129.177.13.75,1250.6992383003235,17,2.7118059655565845,0.22805754351251908,0.820996105670929,0.7043721675872803,"[0.9015970826148987, 0.852188229560852, 0.4147406220436096, 0.838818371295929, 0.5145168304443359]",100,128,/Home/siv32/rfo034/master-thesis/data/slakh2100_flac_redux/slakh_train.pt,/Home/siv32/rfo034/master-thesis/data/slakh2100_flac_redux/slakh_validation.pt,tensor([0.3864]),tensor([0.4309]),0.0004906418028760076,0.00015075917238971344,<class 'torch.optim.adamw.AdamW'>,<class 'models.CNN'>,3,1,288,cuda:0,1745139893
17,2.7030109896334906,0.23914754868463706,0.8180984854698181,0.7018557786941528,"[0.901626467704773, 0.844244658946991, 0.4004271924495697, 0.8408081531524658, 0.5221725106239319]",3,1745195735,,,False,18,0dcf5481,2025-04-21_02-35-35,71.49182605743408,1322.1910643577576,356060,birget.uib.no,129.177.13.75,1322.1910643577576,18,2.7118059655565845,0.22805754351251908,0.820996105670929,0.7043721675872803,"[0.9015970826148987, 0.852188229560852, 0.4147406220436096, 0.838818371295929, 0.5145168304443359]",100,128,/Home/siv32/rfo034/master-thesis/data/slakh2100_flac_redux/slakh_train.pt,/Home/siv32/rfo034/master-thesis/data/slakh2100_flac_redux/slakh_validation.pt,tensor([0.3864]),tensor([0.4309]),0.0004906418028760076,0.00015075917238971344,<class 'torch.optim.adamw.AdamW'>,<class 'models.CNN'>,3,1,288,cuda:0,1745139893
18,2.6917893776991857,0.2605472095595061,0.8085930347442627,0.6943602561950684,"[0.9045417904853821, 0.8429462313652039, 0.41177859902381897, 0.8366590142250061, 0.47587549686431885]",4,1745195807,,,False,19,0dcf5481,2025-04-21_02-36-47,72.26979351043701,1394.4608578681946,356060,birget.uib.no,129.177.13.75,1394.4608578681946,19,2.7118059655565845,0.22805754351251908,0.820996105670929,0.7043721675872803,"[0.9015970826148987, 0.852188229560852, 0.4147406220436096, 0.838818371295929, 0.5145168304443359]",100,128,/Home/siv32/rfo034/master-thesis/data/slakh2100_flac_redux/slakh_train.pt,/Home/siv32/rfo034/master-thesis/data/slakh2100_flac_redux/slakh_validation.pt,tensor([0.3864]),tensor([0.4309]),0.0004906418028760076,0.00015075917238971344,<class 'torch.optim.adamw.AdamW'>,<class 'models.CNN'>,3,1,288,cuda:0,1745139893
19,2.686205938009755,0.21381617604776193,0.8141717314720154,0.7063115835189819,"[0.9024847149848938, 0.8509907722473145, 0.4403650760650635, 0.8267388939857483, 0.5109785795211792]",0,1745195879,,,False,20,0dcf5481,2025-04-21_02-37-59,71.35689496994019,1465.8177528381348,356060,birget.uib.no,129.177.13.75,1465.8177528381348,20,2.7118059655565845,0.22805754351251908,0.820996105670929,0.7043721675872803,"[0.9015970826148987, 0.852188229560852, 0.4147406220436096, 0.838818371295929, 0.5145168304443359]",100,128,/Home/siv32/rfo034/master-thesis/data/slakh2100_flac_redux/slakh_train.pt,/Home/siv32/rfo034/master-thesis/data/slakh2100_flac_redux/slakh_validation.pt,tensor([0.3864]),tensor([0.4309]),0.0004906418028760076,0.00015075917238971344,<class 'torch.optim.adamw.AdamW'>,<class 'models.CNN'>,3,1,288,cuda:0,1745139893
20,2.671425033484699,0.24747041038429465,0.8133334517478943,0.7006710171699524,"[0.9042935967445374, 0.8498498797416687, 0.3982803225517273, 0.8235875368118286, 0.5273435115814209]",1,1745195951,,,False,21,0dcf5481,2025-04-21_02-39-11,72.65096545219421,1538.468718290329,356060,birget.uib.no,129.177.13.75,1538.468718290329,21,2.7118059655565845,0.22805754351251908,0.820996105670929,0.7043721675872803,"[0.9015970826148987, 0.852188229560852, 0.4147406220436096, 0.838818371295929, 0.5145168304443359]",100,128,/Home/siv32/rfo034/master-thesis/data/slakh2100_flac_redux/slakh_train.pt,/Home/siv32/rfo034/master-thesis/data/slakh2100_flac_redux/slakh_validation.pt,tensor([0.3864]),tensor([0.4309]),0.0004906418028760076,0.00015075917238971344,<class 'torch.optim.adamw.AdamW'>,<class 'models.CNN'>,3,1,288,cuda:0,1745139893
21,2.6668935549429214,0.21965647722018583,0.8200935125350952,0.713535487651825,"[0.9041440486907959, 0.8583475947380066, 0.46138903498649597, 0.8365715146064758, 0.5072253942489624]",2,1745196022,,,False,22,0dcf5481,2025-04-21_02-40-22,70.79140257835388,1609.2601208686829,356060,birget.uib.no,129.177.13.75,1609.2601208686829,22,2.7118059655565845,0.22805754351251908,0.820996105670929,0.7043721675872803,"[0.9015970826148987, 0.852188229560852, 0.4147406220436096, 0.838818371295929, 0.5145168304443359]",100,128,/Home/siv32/rfo034/master-thesis/data/slakh2100_flac_redux/slakh_train.pt,/Home/siv32/rfo034/master-thesis/data/slakh2100_flac_redux/slakh_validation.pt,tensor([0.3864]),tensor([0.4309]),0.0004906418028760076,0.00015075917238971344,<class 'torch.optim.adamw.AdamW'>,<class 'models.CNN'>,3,1,288,cuda:0,1745139893
22,2.658364551947725,0.25166325856938615,0.8095561265945435,0.6897470355033875,"[0.9048670530319214, 0.8472367525100708, 0.3394511342048645, 0.8358510732650757, 0.5213292837142944]",3,1745196095,,,False,23,0dcf5481,2025-04-21_02-41-35,72.40845036506653,1681.6685712337494,356060,birget.uib.no,129.177.13.75,1681.6685712337494,23,2.7118059655565845,0.22805754351251908,0.820996105670929,0.7043721675872803,"[0.9015970826148987, 0.852188229560852, 0.4147406220436096, 0.838818371295929, 0.5145168304443359]",100,128,/Home/siv32/rfo034/master-thesis/data/slakh2100_flac_redux/slakh_train.pt,/Home/siv32/rfo034/master-thesis/data/slakh2100_flac_redux/slakh_validation.pt,tensor([0.3864]),tensor([0.4309]),0.0004906418028760076,0.00015075917238971344,<class 'torch.optim.adamw.AdamW'>,<class 'models.CNN'>,3,1,288,cuda:0,1745139893
23,2.6480540605808023,0.23121034177660033,0.8215708136558533,0.7067529559135437,"[0.9020677208900452, 0.8560245037078857, 0.4044535160064697, 0.8401066064834595, 0.531112551689148]",4,1745196166,checkpoint_000011,True,False,24,0dcf5481,2025-04-21_02-42-46,71.20221400260925,1752.8707852363586,356060,birget.uib.no,129.177.13.75,1752.8707852363586,24,2.6480540605808023,0.23121034177660033,0.8215708136558533,0.7067529559135437,"[0.9020677208900452, 0.8560245037078857, 0.4044535160064697, 0.8401066064834595, 0.531112551689148]",100,128,/Home/siv32/rfo034/master-thesis/data/slakh2100_flac_redux/slakh_train.pt,/Home/siv32/rfo034/master-thesis/data/slakh2100_flac_redux/slakh_validation.pt,tensor([0.3864]),tensor([0.4309]),0.0004906418028760076,0.00015075917238971344,<class 'torch.optim.adamw.AdamW'>,<class 'models.CNN'>,3,1,288,cuda:0,1745139893
24,2.639549106501173,0.2500593381301137,0.8159077763557434,0.6997588276863098,"[0.9030711650848389, 0.8534955978393555, 0.4094444215297699, 0.8375052213668823, 0.49527785181999207]",5,1745196238,,,False,25,0dcf5481,2025-04-21_02-43-58,71.85845875740051,1824.7292439937592,356060,birget.uib.no,129.177.13.75,1824.7292439937592,25,2.6480540605808023,0.23121034177660033,0.8215708136558533,0.7067529559135437,"[0.9020677208900452, 0.8560245037078857, 0.4044535160064697, 0.8401066064834595, 0.531112551689148]",100,128,/Home/siv32/rfo034/master-thesis/data/slakh2100_flac_redux/slakh_train.pt,/Home/siv32/rfo034/master-thesis/data/slakh2100_flac_redux/slakh_validation.pt,tensor([0.3864]),tensor([0.4309]),0.0004906418028760076,0.00015075917238971344,<class 'torch.optim.adamw.AdamW'>,<class 'models.CNN'>,3,1,288,cuda:0,1745139893
25,2.636680745851786,0.23585740869281857,0.818830668926239,0.7082969546318054,"[0.9006676077842712, 0.8489927053451538, 0.43262341618537903, 0.8325905203819275, 0.5266107320785522]",6,1745196310,,,False,26,0dcf5481,2025-04-21_02-45-10,72.12140774726868,1896.8506517410278,356060,birget.uib.no,129.177.13.75,1896.8506517410278,26,2.6480540605808023,0.23121034177660033,0.8215708136558533,0.7067529559135437,"[0.9020677208900452, 0.8560245037078857, 0.4044535160064697, 0.8401066064834595, 0.531112551689148]",100,128,/Home/siv32/rfo034/master-thesis/data/slakh2100_flac_redux/slakh_train.pt,/Home/siv32/rfo034/master-thesis/data/slakh2100_flac_redux/slakh_validation.pt,tensor([0.3864]),tensor([0.4309]),0.0004906418028760076,0.00015075917238971344,<class 'torch.optim.adamw.AdamW'>,<class 'models.CNN'>,3,1,288,cuda:0,1745139893
26,2.5829347702667187,0.23213630163942583,0.8081138134002686,0.6972475051879883,"[0.9053288102149963, 0.8532293438911438, 0.41420978307724, 0.8328850865364075, 0.48058444261550903]",7,1745196381,,,False,27,0dcf5481,2025-04-21_02-46-21,71.68519830703735,1968.5358500480652,356060,birget.uib.no,129.177.13.75,1968.5358500480652,27,2.6480540605808023,0.23121034177660033,0.8215708136558533,0.7067529559135437,"[0.9020677208900452, 0.8560245037078857, 0.4044535160064697, 0.8401066064834595, 0.531112551689148]",100,128,/Home/siv32/rfo034/master-thesis/data/slakh2100_flac_redux/slakh_train.pt,/Home/siv32/rfo034/master-thesis/data/slakh2100_flac_redux/slakh_validation.pt,tensor([0.3864]),tensor([0.4309]),0.0004906418028760076,0.00015075917238971344,<class 'torch.optim.adamw.AdamW'>,<class 'models.CNN'>,3,1,288,cuda:0,1745139893
27,2.56944941510867,0.22890662555476182,0.8210835456848145,0.7073235511779785,"[0.9050184488296509, 0.8566636443138123, 0.4081956148147583, 0.8424486517906189, 0.5242913365364075]",8,1745196453,,,False,28,0dcf5481,2025-04-21_02-47-33,71.97259211540222,2040.5084421634674,356060,birget.uib.no,129.177.13.75,2040.5084421634674,28,2.6480540605808023,0.23121034177660033,0.8215708136558533,0.7067529559135437,"[0.9020677208900452, 0.8560245037078857, 0.4044535160064697, 0.8401066064834595, 0.531112551689148]",100,128,/Home/siv32/rfo034/master-thesis/data/slakh2100_flac_redux/slakh_train.pt,/Home/siv32/rfo034/master-thesis/data/slakh2100_flac_redux/slakh_validation.pt,tensor([0.3864]),tensor([0.4309]),0.0004906418028760076,0.00015075917238971344,<class 'torch.optim.adamw.AdamW'>,<class 'models.CNN'>,3,1,288,cuda:0,1745139893
28,2.5643273306724197,0.2208423706638904,0.8239724636077881,0.712020993232727,"[0.906480610370636, 0.8533045053482056, 0.4319619834423065, 0.8442476987838745, 0.5241097807884216]",9,1745196525,checkpoint_000012,True,False,29,0dcf5481,2025-04-21_02-48-45,71.2480149269104,2111.756457090378,356060,birget.uib.no,129.177.13.75,2111.756457090378,29,2.5643273306724197,0.2208423706638904,0.8239724636077881,0.712020993232727,"[0.906480610370636, 0.8533045053482056, 0.4319619834423065, 0.8442476987838745, 0.5241097807884216]",100,128,/Home/siv32/rfo034/master-thesis/data/slakh2100_flac_redux/slakh_train.pt,/Home/siv32/rfo034/master-thesis/data/slakh2100_flac_redux/slakh_validation.pt,tensor([0.3864]),tensor([0.4309]),0.0004906418028760076,0.00015075917238971344,<class 'torch.optim.adamw.AdamW'>,<class 'models.CNN'>,3,1,288,cuda:0,1745139893
29,2.559743989666366,0.2240881894835989,0.8241930603981018,0.714148998260498,"[0.9063225984573364, 0.850658655166626, 0.44530463218688965, 0.8436651825904846, 0.5247939229011536]",10,1745196596,checkpoint_000013,True,False,30,0dcf5481,2025-04-21_02-49-56,71.63658118247986,2183.3930382728577,356060,birget.uib.no,129.177.13.75,2183.3930382728577,30,2.559743989666366,0.2240881894835989,0.8241930603981018,0.714148998260498,"[0.9063225984573364, 0.850658655166626, 0.44530463218688965, 0.8436651825904846, 0.5247939229011536]",100,128,/Home/siv32/rfo034/master-thesis/data/slakh2100_flac_redux/slakh_train.pt,/Home/siv32/rfo034/master-thesis/data/slakh2100_flac_redux/slakh_validation.pt,tensor([0.3864]),tensor([0.4309]),0.0004906418028760076,0.00015075917238971344,<class 'torch.optim.adamw.AdamW'>,<class 'models.CNN'>,3,1,288,cuda:0,1745139893
30,2.5558632081359764,0.21972719767621454,0.8216897249221802,0.7091984152793884,"[0.9068987965583801, 0.8532381057739258, 0.4271445870399475, 0.8429129123687744, 0.5157979130744934]",11,1745196668,,,False,31,0dcf5481,2025-04-21_02-51-08,71.20748353004456,2254.600521802902,356060,birget.uib.no,129.177.13.75,2254.600521802902,31,2.559743989666366,0.2240881894835989,0.8241930603981018,0.714148998260498,"[0.9063225984573364, 0.850658655166626, 0.44530463218688965, 0.8436651825904846, 0.5247939229011536]",100,128,/Home/siv32/rfo034/master-thesis/data/slakh2100_flac_redux/slakh_train.pt,/Home/siv32/rfo034/master-thesis/data/slakh2100_flac_redux/slakh_validation.pt,tensor([0.3864]),tensor([0.4309]),0.0004906418028760076,0.00015075917238971344,<class 'torch.optim.adamw.AdamW'>,<class 'models.CNN'>,3,1,288,cuda:0,1745139893
31,2.5534301839426465,0.23256370243225388,0.8208946585655212,0.7074812054634094,"[0.9063602685928345, 0.8560484647750854, 0.40815970301628113, 0.8410412073135376, 0.5257961750030518]",12,1745196739,,,False,32,0dcf5481,2025-04-21_02-52-19,71.50523614883423,2326.1057579517365,356060,birget.uib.no,129.177.13.75,2326.1057579517365,32,2.559743989666366,0.2240881894835989,0.8241930603981018,0.714148998260498,"[0.9063225984573364, 0.850658655166626, 0.44530463218688965, 0.8436651825904846, 0.5247939229011536]",100,128,/Home/siv32/rfo034/master-thesis/data/slakh2100_flac_redux/slakh_train.pt,/Home/siv32/rfo034/master-thesis/data/slakh2100_flac_redux/slakh_validation.pt,tensor([0.3864]),tensor([0.4309]),0.0004906418028760076,0.00015075917238971344,<class 'torch.optim.adamw.AdamW'>,<class 'models.CNN'>,3,1,288,cuda:0,1745139893
32,2.5418636222648923,0.22466319731173626,0.8230273723602295,0.7124346494674683,"[0.9057775139808655, 0.8542643785476685, 0.4352075755596161, 0.8439298272132874, 0.5229938626289368]",13,1745196811,,,False,33,0dcf5481,2025-04-21_02-53-31,71.39616537094116,2397.5019233226776,356060,birget.uib.no,129.177.13.75,2397.5019233226776,33,2.559743989666366,0.2240881894835989,0.8241930603981018,0.714148998260498,"[0.9063225984573364, 0.850658655166626, 0.44530463218688965, 0.8436651825904846, 0.5247939229011536]",100,128,/Home/siv32/rfo034/master-thesis/data/slakh2100_flac_redux/slakh_train.pt,/Home/siv32/rfo034/master-thesis/data/slakh2100_flac_redux/slakh_validation.pt,tensor([0.3864]),tensor([0.4309]),0.0004906418028760076,0.00015075917238971344,<class 'torch.optim.adamw.AdamW'>,<class 'models.CNN'>,3,1,288,cuda:0,1745139893
33,2.5402351629148385,0.22521203926956382,0.8207095265388489,0.7091015577316284,"[0.9061479568481445, 0.8549941182136536, 0.42563962936401367, 0.8430923819541931, 0.5156338214874268]",14,1745196881,,,False,34,0dcf5481,2025-04-21_02-54-41,70.94989109039307,2468.4518144130707,356060,birget.uib.no,129.177.13.75,2468.4518144130707,34,2.559743989666366,0.2240881894835989,0.8241930603981018,0.714148998260498,"[0.9063225984573364, 0.850658655166626, 0.44530463218688965, 0.8436651825904846, 0.5247939229011536]",100,128,/Home/siv32/rfo034/master-thesis/data/slakh2100_flac_redux/slakh_train.pt,/Home/siv32/rfo034/master-thesis/data/slakh2100_flac_redux/slakh_validation.pt,tensor([0.3864]),tensor([0.4309]),0.0004906418028760076,0.00015075917238971344,<class 'torch.optim.adamw.AdamW'>,<class 'models.CNN'>,3,1,288,cuda:0,1745139893
34,2.5367545622464407,0.22833933129565406,0.820388913154602,0.7083841562271118,"[0.9054073691368103, 0.8533222079277039, 0.4209859073162079, 0.8428308367729187, 0.5193742513656616]",15,1745196953,,,True,35,0dcf5481,2025-04-21_02-55-53,71.32507967948914,2539.77689409256,356060,birget.uib.no,129.177.13.75,2539.77689409256,35,2.559743989666366,0.2240881894835989,0.8241930603981018,0.714148998260498,"[0.9063225984573364, 0.850658655166626, 0.44530463218688965, 0.8436651825904846, 0.5247939229011536]",100,128,/Home/siv32/rfo034/master-thesis/data/slakh2100_flac_redux/slakh_train.pt,/Home/siv32/rfo034/master-thesis/data/slakh2100_flac_redux/slakh_validation.pt,tensor([0.3864]),tensor([0.4309]),0.0004906418028760076,0.00015075917238971344,<class 'torch.optim.adamw.AdamW'>,<class 'models.CNN'>,3,1,288,cuda:0,1745139893
